{"inputUnits":[34],"outputUnits":2,"inputs":{"0":{"dtype":"number","min":17.137854622586197,"max":544.4397593715735},"1":{"dtype":"number","min":13.68635782163743,"max":369.94401303415873},"2":{"dtype":"number","min":-3.767378111796537,"max":542.1666923656798},"3":{"dtype":"number","min":10.25234503495065,"max":365.0750890661169},"4":{"dtype":"number","min":15.013033842715139,"max":548.3391969915021},"5":{"dtype":"number","min":11.807688573647653,"max":368.3258154796578},"6":{"dtype":"number","min":0.17660074299074288,"max":562.1687718441611},"7":{"dtype":"number","min":14.848417226334064,"max":350.8855659826922},"8":{"dtype":"number","min":26.600537290814792,"max":523.1711190206962},"9":{"dtype":"number","min":14.204639100191883,"max":355.3506607739781},"10":{"dtype":"number","min":31.011079130116954,"max":499.26279382538377},"11":{"dtype":"number","min":34.23112157632035,"max":343.3506547061556},"12":{"dtype":"number","min":25.195962589851362,"max":478.907530667489},"13":{"dtype":"number","min":28.988145794784813,"max":342.0175881190607},"14":{"dtype":"number","min":21.891218932748536,"max":504.1767835115131},"15":{"dtype":"number","min":46.213232921578026,"max":351.97630122669955},"16":{"dtype":"number","min":12.778331734283626,"max":420.0972600568805},"17":{"dtype":"number","min":25.61832932143183,"max":360.1074504889475},"18":{"dtype":"number","min":16.724993105287908,"max":566.0884153131852},"19":{"dtype":"number","min":24.051644308525212,"max":384.94856068869547},"20":{"dtype":"number","min":16.962141814055272,"max":473.79100920024666},"21":{"dtype":"number","min":23.652515433685124,"max":377.87152182893215},"22":{"dtype":"number","min":44.59794750548245,"max":407.86383806195175},"23":{"dtype":"number","min":40.75683361745021,"max":329.9617884228801},"24":{"dtype":"number","min":-1.8088727852522049,"max":367.7126679002193},"25":{"dtype":"number","min":50.921325237430324,"max":353.12062956157484},"26":{"dtype":"number","min":38.83788550899274,"max":530.9995202850877},"27":{"dtype":"number","min":59.04951581155581,"max":347.2222949171159},"28":{"dtype":"number","min":25.322874281141495,"max":529.821792334841},"29":{"dtype":"number","min":55.55743872213084,"max":358.2847643400493},"30":{"dtype":"number","min":18.17019445854321,"max":613.6504720052083},"31":{"dtype":"number","min":60.928171734131325,"max":346.27391263430115},"32":{"dtype":"number","min":18.610984214797586,"max":606.3489883155153},"33":{"dtype":"number","min":56.14714630305417,"max":349.6015102691353}},"outputs":{"0":{"dtype":"string","min":0,"max":1,"uniqueValues":["plank","wallsit"],"legend":{"plank":[1,0],"wallsit":[0,1]}}},"isNormalized":true}