{
  "inputUnits": [34],
  "outputUnits": 2,
  "inputs": {
    "0": { "dtype": "number", "min": 0, "max": 0 },
    "1": { "dtype": "number", "min": 0, "max": 0 },
    "2": {
      "dtype": "number",
      "min": -269.87816526732087,
      "max": 18.504124979100823
    },
    "3": {
      "dtype": "number",
      "min": -33.82244564308732,
      "max": -0.4265751820130106
    },
    "4": {
      "dtype": "number",
      "min": -25.908333032511564,
      "max": 516.4148788749012
    },
    "5": {
      "dtype": "number",
      "min": -107.22716364879088,
      "max": -0.3284783864299641
    },
    "6": {
      "dtype": "number",
      "min": -266.2799085995566,
      "max": 102.15767589524562
    },
    "7": {
      "dtype": "number",
      "min": -53.14478702767815,
      "max": 28.289380797152386
    },
    "8": {
      "dtype": "number",
      "min": -69.65609468096426,
      "max": 165.02746867020304
    },
    "9": {
      "dtype": "number",
      "min": -105.02765747545294,
      "max": 3.066708234497547
    },
    "10": {
      "dtype": "number",
      "min": -53.014231403514145,
      "max": 162.20715106414917
    },
    "11": {
      "dtype": "number",
      "min": -45.02359495645368,
      "max": 65.22425266369774
    },
    "12": {
      "dtype": "number",
      "min": -263.77333876687726,
      "max": 76.71779861153333
    },
    "13": {
      "dtype": "number",
      "min": -71.64378861601713,
      "max": 49.53828329242154
    },
    "14": {
      "dtype": "number",
      "min": -344.48938225772133,
      "max": 271.7005975626786
    },
    "15": {
      "dtype": "number",
      "min": -19.672185400580645,
      "max": 206.65131232710664
    },
    "16": {
      "dtype": "number",
      "min": -242.21044209402362,
      "max": 147.3707743247659
    },
    "17": {
      "dtype": "number",
      "min": -60.370094269630044,
      "max": 227.80045137516717
    },
    "18": {
      "dtype": "number",
      "min": -360.5003962535339,
      "max": 296.87113507341314
    },
    "19": {
      "dtype": "number",
      "min": -30.90153153118922,
      "max": 200.8080669952274
    },
    "20": {
      "dtype": "number",
      "min": -439.8149182508892,
      "max": 191.80608774623056
    },
    "21": {
      "dtype": "number",
      "min": -26.17118841386491,
      "max": 229.92255256148164
    },
    "22": {
      "dtype": "number",
      "min": -261.55719107922874,
      "max": 313.6746758486974
    },
    "23": {
      "dtype": "number",
      "min": -34.39928130509787,
      "max": 191.74104611882902
    },
    "24": {
      "dtype": "number",
      "min": -271.17693070586085,
      "max": 264.42391106868996
    },
    "25": {
      "dtype": "number",
      "min": -28.909277414997263,
      "max": 283.7352335295325
    },
    "26": {
      "dtype": "number",
      "min": -415.6386274048326,
      "max": 363.22444135020214
    },
    "27": {
      "dtype": "number",
      "min": -50.170368001618726,
      "max": 163.39750368585845
    },
    "28": {
      "dtype": "number",
      "min": -260.27942722177687,
      "max": 365.01297709542956
    },
    "29": {
      "dtype": "number",
      "min": -54.70493218685402,
      "max": 220.67766645260824
    },
    "30": {
      "dtype": "number",
      "min": -374.949193932203,
      "max": 533.1933114018422
    },
    "31": {
      "dtype": "number",
      "min": -73.68965665468448,
      "max": 256.9947310273285
    },
    "32": {
      "dtype": "number",
      "min": -461.9840208417247,
      "max": 478.90718007366013
    },
    "33": {
      "dtype": "number",
      "min": -73.82571719870958,
      "max": 254.50763366936712
    }
  },
  "outputs": {
    "0": {
      "dtype": "string",
      "min": 0,
      "max": 1,
      "uniqueValues": ["plank", "wallsit"],
      "legend": { "plank": [1, 0], "wallsit": [0, 1] }
    }
  },
  "isNormalized": true
}
