{"inputUnits":[34],"outputUnits":2,"inputs":{"0":{"dtype":"number","min":20.404291887691514,"max":619.4773633192485},"1":{"dtype":"number","min":8.345259907644547,"max":210.64635399250668},"2":{"dtype":"number","min":22.460105806937023,"max":637.8199714630958},"3":{"dtype":"number","min":4.21692624815708,"max":192.5012135783986},"4":{"dtype":"number","min":23.883983864394608,"max":595.9862497530095},"5":{"dtype":"number","min":5.141626677160602,"max":189.81536983979814},"6":{"dtype":"number","min":25.44317828820374,"max":666.9595325039519},"7":{"dtype":"number","min":9.708117652032172,"max":249.88333854229998},"8":{"dtype":"number","min":34.356741344882366,"max":567.3670787291768},"9":{"dtype":"number","min":8.50329079238358,"max":221.75515913313927},"10":{"dtype":"number","min":18.980085024110075,"max":722.0377999984801},"11":{"dtype":"number","min":29.89779283100529,"max":371.6531355891246},"12":{"dtype":"number","min":19.055719887700064,"max":511.5819315038303},"13":{"dtype":"number","min":32.9054343672578,"max":378.3604395528711},"14":{"dtype":"number","min":14.767517921061838,"max":744.1106946774494},"15":{"dtype":"number","min":31.75014142581925,"max":605.1101320021811},"16":{"dtype":"number","min":13.249653471119203,"max":481.6960909951058},"17":{"dtype":"number","min":40.29928781828528,"max":609.64421562462},"18":{"dtype":"number","min":12.871798860423766,"max":785.6596119209023},"19":{"dtype":"number","min":16.04443534524524,"max":815.0929368312256},"20":{"dtype":"number","min":15.030469159671767,"max":436.1294757531311},"21":{"dtype":"number","min":35.48368176412026,"max":821.2672588481977},"22":{"dtype":"number","min":20.84893893824478,"max":673.8862627675097},"23":{"dtype":"number","min":67.07741882086728,"max":797.973597277927},"24":{"dtype":"number","min":26.684118812650098,"max":549.5073132941695},"25":{"dtype":"number","min":67.71764649862446,"max":796.987789584505},"26":{"dtype":"number","min":21.829067838794998,"max":669.8010575112665},"27":{"dtype":"number","min":90.90076995730865,"max":1118.5878319053797},"28":{"dtype":"number","min":24.55290038112537,"max":569.6780193640565},"29":{"dtype":"number","min":93.02062100659083,"max":1126.7331174857884},"30":{"dtype":"number","min":24.066875947588613,"max":653.1082280377933},"31":{"dtype":"number","min":113.83267817515807,"max":1441.1239267787116},"32":{"dtype":"number","min":26.358587005258997,"max":586.1187886635154},"33":{"dtype":"number","min":114.87562133551572,"max":1445.0347009799823}},"outputs":{"0":{"dtype":"string","min":0,"max":1,"uniqueValues":["stand","wallsit"],"legend":{"stand":[1,0],"wallsit":[0,1]}}},"isNormalized":true}