{"inputUnits":[34],"outputUnits":2,"inputs":{"0":{"dtype":"number","min":20.404291887691514,"max":619.4773633192485},"1":{"dtype":"number","min":9.441383332130044,"max":210.64635399250668},"2":{"dtype":"number","min":22.460105806937023,"max":637.8199714630958},"3":{"dtype":"number","min":4.3705685982908165,"max":192.90945778932087},"4":{"dtype":"number","min":-18.074175348541615,"max":595.9862497530095},"5":{"dtype":"number","min":-1.0317923104252884,"max":193.39888695149108},"6":{"dtype":"number","min":25.44317828820374,"max":666.9595325039519},"7":{"dtype":"number","min":9.009829153810486,"max":221.63196964486562},"8":{"dtype":"number","min":34.356741344882366,"max":567.3670787291768},"9":{"dtype":"number","min":4.626820055891102,"max":221.75515913313927},"10":{"dtype":"number","min":18.980085024110075,"max":722.0377999984801},"11":{"dtype":"number","min":19.403299532047967,"max":371.6531355891246},"12":{"dtype":"number","min":39.248910273095504,"max":555.9545079093963},"13":{"dtype":"number","min":17.091746437874278,"max":378.3604395528711},"14":{"dtype":"number","min":14.767517921061838,"max":744.1106946774494},"15":{"dtype":"number","min":14.944236428821128,"max":605.1101320021811},"16":{"dtype":"number","min":30.907975697795706,"max":558.0733599829766},"17":{"dtype":"number","min":12.72096644301358,"max":609.64421562462},"18":{"dtype":"number","min":-19.584651791168092,"max":785.6596119209023},"19":{"dtype":"number","min":16.04443534524524,"max":815.0929368312256},"20":{"dtype":"number","min":30.83593806404084,"max":562.0846343875395},"21":{"dtype":"number","min":11.57669842196809,"max":821.2672588481977},"22":{"dtype":"number","min":20.84893893824478,"max":673.8862627675097},"23":{"dtype":"number","min":67.07741882086728,"max":797.973597277927},"24":{"dtype":"number","min":35.063632356517516,"max":556.4966461537877},"25":{"dtype":"number","min":67.12405086769667,"max":796.987789584505},"26":{"dtype":"number","min":21.829067838794998,"max":669.8010575112665},"27":{"dtype":"number","min":69.54454485822745,"max":1118.5878319053797},"28":{"dtype":"number","min":32.119713096767086,"max":592.0047745166586},"29":{"dtype":"number","min":74.72941500296389,"max":1126.7331174857884},"30":{"dtype":"number","min":24.066875947588613,"max":653.1082280377933},"31":{"dtype":"number","min":112.54550467762039,"max":1441.1239267787116},"32":{"dtype":"number","min":30.00092858934218,"max":600.2386664602079},"33":{"dtype":"number","min":112.77704641141779,"max":1445.0347009799823}},"outputs":{"0":{"dtype":"string","min":0,"max":1,"uniqueValues":["squatup","squatdown"],"legend":{"squatup":[1,0],"squatdown":[0,1]}}},"isNormalized":true}