{"inputUnits":[34],"outputUnits":3,"inputs":{"0":{"dtype":"number","min":20.404291887691514,"max":2634.184401218993},"1":{"dtype":"number","min":9.441383332130044,"max":1610.446588301009},"2":{"dtype":"number","min":22.460105806937023,"max":2649.3118787238573},"3":{"dtype":"number","min":4.3705685982908165,"max":1568.5965751915123},"4":{"dtype":"number","min":19.597198248837245,"max":2626.757939795112},"5":{"dtype":"number","min":-1.0317923104252884,"max":1540.0182725483337},"6":{"dtype":"number","min":25.44317828820374,"max":2408.733879119042},"7":{"dtype":"number","min":15.365147052571933,"max":1440.5318299527298},"8":{"dtype":"number","min":28.418559864801193,"max":2556.047667269577},"9":{"dtype":"number","min":16.01160940029278,"max":1475.0388644326054},"10":{"dtype":"number","min":18.980085024110075,"max":2233.2149596455497},"11":{"dtype":"number","min":29.89779283100529,"max":1554.2426909806659},"12":{"dtype":"number","min":39.248910273095504,"max":2245.545887037938},"13":{"dtype":"number","min":33.089832350437746,"max":1579.2311878723854},"14":{"dtype":"number","min":14.767517921061838,"max":2389.977369968993},"15":{"dtype":"number","min":31.75014142581925,"max":1947.5784118889833},"16":{"dtype":"number","min":18.532409608596026,"max":2163.656156903575},"17":{"dtype":"number","min":44.37535148650292,"max":1929.0832244041826},"18":{"dtype":"number","min":7.5444505743479455,"max":2534.604741077943},"19":{"dtype":"number","min":16.04443534524524,"max":2305.2990314171934},"20":{"dtype":"number","min":32.937519800802136,"max":2163.1269303258755},"21":{"dtype":"number","min":46.29237656648985,"max":2342.9578235195763},"22":{"dtype":"number","min":20.84893893824478,"max":2460.236109514645},"23":{"dtype":"number","min":39.69137110134971,"max":1810.6407228462426},"24":{"dtype":"number","min":35.063632356517516,"max":2182.1637820232704},"25":{"dtype":"number","min":42.964000182392994,"max":1768.9802369589006},"26":{"dtype":"number","min":1.3637238161109302,"max":3225.2214040793333},"27":{"dtype":"number","min":44.69900880806177,"max":1946.0584569552525},"28":{"dtype":"number","min":-39.55264026923866,"max":3164.7076204648743},"29":{"dtype":"number","min":45.93929068123784,"max":1879.4575233311039},"30":{"dtype":"number","min":-54.91100332059749,"max":3827.907275604367},"31":{"dtype":"number","min":57.8363060858463,"max":2075.433475954523},"32":{"dtype":"number","min":-43.97932255963871,"max":3754.8350986822106},"33":{"dtype":"number","min":56.46051714114179,"max":2052.627745394577}},"outputs":{"0":{"dtype":"string","min":0,"max":1,"uniqueValues":["pushdown","pushup","stand"],"legend":{"pushdown":[1,0,0],"pushup":[0,1,0],"stand":[0,0,1]}}},"isNormalized":true}