{
  "data": [
    {
      "xs": {
        "0": 21.19319536532575,
        "1": 72.52400751838906,
        "2": 21.271452429698922,
        "3": 66.36625626770376,
        "4": 23.24958488955135,
        "5": 68.38843844229714,
        "6": 37.060703032198006,
        "7": 57.20378175255847,
        "8": 41.76229733472679,
        "9": 55.40905369094938,
        "10": 66.1335281461303,
        "11": 70.95063005413925,
        "12": 50.98771212393777,
        "13": 76.6881310535453,
        "14": 65.56164479395102,
        "15": 123.97106719435305,
        "16": 54.18733295641447,
        "17": 118.59915250365495,
        "18": 40.75124640213816,
        "19": 119.48682140328032,
        "20": 33.53452626724689,
        "21": 115.79153531615495,
        "22": 97.29208249097678,
        "23": 72.07019685444078,
        "24": 81.66364703262062,
        "25": 106.22113358347039,
        "26": 206.644836782712,
        "27": 89.54315221239949,
        "28": 206.62634777046782,
        "29": 88.76527520787644,
        "30": 266.6196410418951,
        "31": 101.87130790844299,
        "32": 271.40651055943897,
        "33": 102.98975037691886
      },
      "ys": { "0": "plank" }
    },
    {
      "xs": {
        "0": 275.5512411552563,
        "1": 71.17283276414778,
        "2": 277.0793687251576,
        "3": 65.78883061399699,
        "4": 272.9754296613251,
        "5": 65.44878781562196,
        "6": 249.934049312599,
        "7": 58.380137423093316,
        "8": 259.8550733302304,
        "9": 62.93381802148056,
        "10": 244.9399273669743,
        "11": 78.09861710754751,
        "12": 239.8793035734002,
        "13": 74.35106232105872,
        "14": 235.29038040726275,
        "15": 110.58564933791726,
        "16": 231.82516741241398,
        "17": 113.65121251751339,
        "18": 267.384480556317,
        "19": 112.65343738578215,
        "20": 258.0470424600047,
        "21": 112.44178554839789,
        "22": 177.21614755849856,
        "23": 81.22555381373354,
        "24": 175.86717795210276,
        "25": 81.89862952873719,
        "26": 153.88971101935613,
        "27": 72.57800697490254,
        "28": 124.5665352804619,
        "29": 94.61790112352278,
        "30": 61.23731014556587,
        "31": 97.76006473295868,
        "32": 60.15647033037033,
        "33": 96.48441450033502
      },
      "ys": { "0": "plank" }
    },
    {
      "xs": {
        "0": 154.36172931514986,
        "1": 16.844918234306462,
        "2": 151.65141144691154,
        "3": 13.554088213290385,
        "4": 149.63068376507675,
        "5": 13.060354846262783,
        "6": 136.06270237972862,
        "7": 14.848417226334064,
        "8": 138.86385019759686,
        "9": 14.83809300472862,
        "10": 149.07073082282528,
        "11": 34.23112157632035,
        "12": 131.0962967008178,
        "13": 34.99828173542579,
        "14": 151.67207773665936,
        "15": 55.95268597519188,
        "16": 122.76269566943073,
        "17": 63.73347267909355,
        "18": 159.69479209498354,
        "19": 47.550063462285266,
        "20": 124.21921400995979,
        "21": 90.85189230400218,
        "22": 144.87229732044955,
        "23": 83.6094820792215,
        "24": 143.18429154959338,
        "25": 86.5658501519097,
        "26": 189.1809296189693,
        "27": 90.85565792329129,
        "28": 184.03202525356357,
        "29": 94.14300786960891,
        "30": 178.89375742415936,
        "31": 145.61955894782528,
        "32": 180.76671578033626,
        "33": 145.9262873777869
      },
      "ys": { "0": "wallsit" }
    },
    {
      "xs": {
        "0": 145.83916320205896,
        "1": 18.506354318957108,
        "2": 150.4047499390838,
        "3": 15.39108484576785,
        "4": 145.0779655709369,
        "5": 15.271430954366167,
        "6": 162.38987734908017,
        "7": 19.312596014368594,
        "8": 166.4379549677144,
        "9": 22.46883280793128,
        "10": 172.81867966084917,
        "11": 43.38332029346368,
        "12": 150.76335349278142,
        "13": 41.218606751797026,
        "14": 169.85485768457602,
        "15": 71.95958782590155,
        "16": 144.93183574713694,
        "17": 65.80829345227217,
        "18": 163.2342921920687,
        "19": 44.980579398528874,
        "20": 136.2790946142483,
        "21": 48.82903398361354,
        "22": 164.11225376538133,
        "23": 97.85539831566763,
        "24": 148.75857823541057,
        "25": 92.0931060969481,
        "26": 122.77825963427448,
        "27": 116.20011298047635,
        "28": 104.81735854120979,
        "29": 111.15835922270955,
        "30": 124.25080951891447,
        "31": 166.80112485532408,
        "32": 105.13661880939327,
        "33": 154.32185777214303
      },
      "ys": { "0": "wallsit" }
    }
  ]
}
