{"inputUnits":[34],"outputUnits":2,"inputs":{"0":{"dtype":"number","min":20.404291887691514,"max":639.7427745774562},"1":{"dtype":"number","min":9.441383332130044,"max":526.7826008481275},"2":{"dtype":"number","min":22.460105806937023,"max":639.5096598821855},"3":{"dtype":"number","min":4.3705685982908165,"max":519.3258764363449},"4":{"dtype":"number","min":-18.074175348541615,"max":627.0136599410832},"5":{"dtype":"number","min":-1.0317923104252884,"max":521.3966667679961},"6":{"dtype":"number","min":25.44317828820374,"max":1083.5137554717899},"7":{"dtype":"number","min":9.009829153810486,"max":529.9725432043409},"8":{"dtype":"number","min":34.356741344882366,"max":609.8354565809673},"9":{"dtype":"number","min":4.626820055891102,"max":520.9569058548152},"10":{"dtype":"number","min":18.980085024110075,"max":722.0377999984801},"11":{"dtype":"number","min":19.403299532047967,"max":549.6045045370257},"12":{"dtype":"number","min":39.248910273095504,"max":592.5596786677141},"13":{"dtype":"number","min":17.091746437874278,"max":539.4784529274076},"14":{"dtype":"number","min":14.767517921061838,"max":1086.4075106015928},"15":{"dtype":"number","min":14.944236428821128,"max":605.1101320021811},"16":{"dtype":"number","min":30.907975697795706,"max":626.4034602540012},"17":{"dtype":"number","min":12.72096644301358,"max":609.64421562462},"18":{"dtype":"number","min":-19.584651791168092,"max":866.7572068388823},"19":{"dtype":"number","min":16.04443534524524,"max":815.0929368312256},"20":{"dtype":"number","min":30.83593806404084,"max":810.558688568234},"21":{"dtype":"number","min":11.57669842196809,"max":821.2672588481977},"22":{"dtype":"number","min":20.84893893824478,"max":684.4441765217465},"23":{"dtype":"number","min":67.07741882086728,"max":797.973597277927},"24":{"dtype":"number","min":35.063632356517516,"max":645.3080516176929},"25":{"dtype":"number","min":67.12405086769667,"max":796.987789584505},"26":{"dtype":"number","min":21.829067838794998,"max":669.8010575112665},"27":{"dtype":"number","min":69.54454485822745,"max":1118.5878319053797},"28":{"dtype":"number","min":32.119713096767086,"max":635.7340866860712},"29":{"dtype":"number","min":74.72941500296389,"max":1126.7331174857884},"30":{"dtype":"number","min":24.066875947588613,"max":653.1082280377933},"31":{"dtype":"number","min":112.54550467762039,"max":1441.1239267787116},"32":{"dtype":"number","min":30.00092858934218,"max":612.4552615867051},"33":{"dtype":"number","min":112.77704641141779,"max":1445.0347009799823}},"outputs":{"0":{"dtype":"string","min":0,"max":1,"uniqueValues":["squatup","squatdown"],"legend":{"squatup":[1,0],"squatdown":[0,1]}}},"isNormalized":true}