{"inputUnits":[34],"outputUnits":2,"inputs":{"0":{"dtype":"number","min":20.404291887691514,"max":1908.9201186361945},"1":{"dtype":"number","min":15.007516645735805,"max":1097.892307088533},"2":{"dtype":"number","min":21.738728846093558,"max":1932.6709183867342},"3":{"dtype":"number","min":12.057264706504021,"max":1015.9768479937247},"4":{"dtype":"number","min":17.797840244575234,"max":1930.417102739505},"5":{"dtype":"number","min":13.479676836659474,"max":1065.3818052418037},"6":{"dtype":"number","min":25.44317828820374,"max":1908.5371123436362},"7":{"dtype":"number","min":15.365147052571933,"max":881.2786647633357},"8":{"dtype":"number","min":13.831284816163059,"max":1871.9755080404914},"9":{"dtype":"number","min":16.01160940029278,"max":891.1918830723152},"10":{"dtype":"number","min":18.980085024110075,"max":1695.635505290347},"11":{"dtype":"number","min":29.89779283100529,"max":975.2052588258734},"12":{"dtype":"number","min":39.248910273095504,"max":1666.3708008049994},"13":{"dtype":"number","min":33.089832350437746,"max":911.3201222104321},"14":{"dtype":"number","min":14.767517921061838,"max":1613.3621709801344},"15":{"dtype":"number","min":31.75014142581925,"max":1558.1178017107895},"16":{"dtype":"number","min":30.907975697795706,"max":1547.9089703392892},"17":{"dtype":"number","min":44.37535148650292,"max":1457.788497449823},"18":{"dtype":"number","min":7.5444505743479455,"max":1790.7333219654367},"19":{"dtype":"number","min":16.04443534524524,"max":2184.747462944298},"20":{"dtype":"number","min":32.937519800802136,"max":1809.7607974041298},"21":{"dtype":"number","min":46.29237656648985,"max":1981.0183668915865},"22":{"dtype":"number","min":20.84893893824478,"max":2460.236109514645},"23":{"dtype":"number","min":39.69137110134971,"max":1106.6907009020856},"24":{"dtype":"number","min":35.063632356517516,"max":2182.1637820232704},"25":{"dtype":"number","min":42.964000182392994,"max":1194.685448583462},"26":{"dtype":"number","min":21.829067838794998,"max":3225.2214040793333},"27":{"dtype":"number","min":44.69900880806177,"max":1417.2134978891813},"28":{"dtype":"number","min":26.984053437348006,"max":3164.7076204648743},"29":{"dtype":"number","min":45.93929068123784,"max":1408.0513268259251},"30":{"dtype":"number","min":14.89701378670184,"max":3827.907275604367},"31":{"dtype":"number","min":56.308722113820835,"max":1495.4359837394745},"32":{"dtype":"number","min":7.928505923497538,"max":3754.8350986822106},"33":{"dtype":"number","min":58.59932153605302,"max":1464.1845777934627}},"outputs":{"0":{"dtype":"string","min":0,"max":1,"uniqueValues":["plank","stand"],"legend":{"plank":[1,0],"stand":[0,1]}}},"isNormalized":true}